{
  "0": "_GO", 
  "1": "_EOS", 
  "2": "_UNK", 
  "3": "_PAD", 
  "4": ".", 
  "5": "you", 
  "6": "?", 
  "7": "is", 
  "8": "the", 
  "9": "i", 
  "10": ",", 
  "11": "a", 
  "12": "to", 
  "13": "[value_count]", 
  "14": "for", 
  "15": "and", 
  "16": "would", 
  "17": "have", 
  "18": "in", 
  "19": "are", 
  "20": "there", 
  "21": "like", 
  "22": "at", 
  "23": "number", 
  "24": "your", 
  "25": "can", 
  "26": "that", 
  "27": "of", 
  "28": "[value_area]", 
  "29": "else", 
  "30": "anything", 
  "31": "with", 
  "32": "do", 
  "33": "it", 
  "34": "!", 
  "35": "[value_time]", 
  "36": "help", 
  "37": "what", 
  "38": "book", 
  "39": "[restaurant_name]", 
  "40": "reference", 
  "41": "day", 
  "42": "be", 
  "43": "will", 
  "44": "[value_pricerange]", 
  "45": "[hotel_name]", 
  "46": "[value_place]", 
  "47": "-s", 
  "48": "time", 
  "49": "on", 
  "50": "me", 
  "51": "restaurant", 
  "52": "or", 
  "53": "area", 
  "54": "[attraction_name]", 
  "55": "was", 
  "56": "price", 
  "57": "town", 
  "58": "[value_food]", 
  "59": "great", 
  "60": "booking", 
  "61": "phone", 
  "62": "need", 
  "63": "located", 
  "64": "[train_id]", 
  "65": "range", 
  "66": "welcome", 
  "67": "hotel", 
  "68": "train", 
  "69": "booked", 
  "70": "free", 
  "71": "today", 
  "72": "thank", 
  "73": "how", 
  "74": "am", 
  "75": "any", 
  "76": "sure", 
  "77": "yes", 
  "78": "from", 
  "79": "s", 
  "80": "their", 
  "81": "not", 
  "82": "many", 
  "83": "we", 
  "84": "goodbye", 
  "85": "postcode", 
  "86": "no", 
  "87": "[value_price]", 
  "88": "successful", 
  "89": "address", 
  "90": "food", 
  "91": "[hotel_reference]", 
  "92": "[value_day]", 
  "93": "okay", 
  "94": "reservation", 
  "95": "stay", 
  "96": "table", 
  "97": "type", 
  "98": "where", 
  "99": "[restaurant_reference]", 
  "100": "sorry", 
  "101": "[train_reference]", 
  "102": "fee", 
  "103": "they", 
  "104": "by", 
  "105": "contact", 
  "106": "if", 
  "107": "information", 
  "108": "want", 
  "109": "[attraction_address]", 
  "110": "[restaurant_address]", 
  "111": "minutes", 
  "112": "about", 
  "113": "all", 
  "114": "[taxi_type]", 
  "115": "[taxi_phone]", 
  "116": "enjoy", 
  "117": "parking", 
  "118": "has", 
  "119": "leaves", 
  "120": "star", 
  "121": "trains", 
  "122": "more", 
  "123": "which", 
  "124": "try", 
  "125": "[attraction_phone]", 
  "126": "arrive", 
  "127": "an", 
  "128": "looking", 
  "129": "arrives", 
  "130": "different", 
  "131": "recommend", 
  "132": "leave", 
  "133": "this", 
  "134": "guesthouse", 
  "135": "prefer", 
  "136": "[restaurant_phone]", 
  "137": "place", 
  "138": "but", 
  "139": "pounds", 
  "140": "another", 
  "141": "part", 
  "142": "available", 
  "143": "options", 
  "144": "people", 
  "145": "criteria", 
  "146": "assist", 
  "147": "station", 
  "148": "using", 
  "149": "priced", 
  "150": "ok", 
  "151": "preference", 
  "152": "leaving", 
  "153": "could", 
  "154": "know", 
  "155": "[restaurant_postcode]", 
  "156": "gbp", 
  "157": "travel", 
  "158": "[hotel_address]", 
  "159": "nice", 
  "160": "-ly", 
  "161": "please", 
  "162": "total", 
  "163": "[attraction_postcode]", 
  "164": "entrance", 
  "165": "good", 
  "166": "make", 
  "167": "room", 
  "168": "may", 
  "169": "taxi", 
  "170": "work", 
  "171": "reserved", 
  "172": "departing", 
  "173": "other", 
  "174": "us", 
  "175": "does", 
  "176": "able", 
  "177": "our", 
  "178": "tickets", 
  "179": "payable", 
  "180": "guesthouses", 
  "181": "destination", 
  "182": "get", 
  "183": "several", 
  "184": "particular", 
  "185": "found", 
  "186": "departure", 
  "187": "stars", 
  "188": "internet", 
  "189": "up", 
  "190": "city", 
  "191": "trip", 
  "192": "very", 
  "193": "them", 
  "194": "find", 
  "195": "as", 
  "196": "interested", 
  "197": "wifi", 
  "198": "[hotel_phone]", 
  "199": "[hotel_postcode]", 
  "200": "specific", 
  "201": "arriving", 
  "202": "happy", 
  "203": "towninfo", 
  "204": "ticket", 
  "205": "mind", 
  "206": "attraction", 
  "207": "glad", 
  "208": "something", 
  "209": "when", 
  "210": "side", 
  "211": "those", 
  "212": "did", 
  "213": "both", 
  "214": "cuisine", 
  "215": "code", 
  "216": "further", 
  "217": "let", 
  "218": "unfortunately", 
  "219": "location", 
  "220": "service", 
  "221": "wonderful", 
  "222": "nights", 
  "223": "serves", 
  "224": "meet", 
  "225": "thanks", 
  "226": "museum", 
  "227": "been", 
  "228": "center", 
  "229": "so", 
  "230": "visit", 
  "231": "down", 
  "232": "certain", 
  "233": "certainly", 
  "234": "go", 
  "235": "look", 
  "236": "my", 
  "237": "narrow", 
  "238": "rating", 
  "239": "needs", 
  "240": "contacting", 
  "241": "assistance", 
  "242": "traveling", 
  "243": "attractions", 
  "244": "hope", 
  "245": "also", 
  "246": "suggest", 
  "247": "well", 
  "248": "museums", 
  "249": "depart", 
  "250": "call", 
  "251": "arrival", 
  "252": "choose", 
  "253": "post", 
  "254": "set", 
  "255": "car", 
  "256": "tell", 
  "257": "alright", 
  "258": "should", 
  "259": "departs", 
  "260": "course", 
  "261": "just", 
  "262": "going", 
  "263": "cost", 
  "264": "fit", 
  "265": "problem", 
  "266": "shall", 
  "267": "search", 
  "268": "system", 
  "269": "staying", 
  "270": "here", 
  "271": "first", 
  "272": "some", 
  "273": "pleasure", 
  "274": "only", 
  "275": "few", 
  "276": "reserve", 
  "277": "quite", 
  "278": "match", 
  "279": "offer", 
  "280": "again", 
  "281": "starting", 
  "282": "serve", 
  "283": "colleges", 
  "284": "request", 
  "285": "admission", 
  "286": "were", 
  "287": "days", 
  "288": "calling", 
  "289": "these", 
  "290": "thing", 
  "291": "preferences", 
  "292": "reservations", 
  "293": "matching", 
  "294": "absolutely", 
  "295": "made", 
  "296": "pick", 
  "297": "called", 
  "298": "now", 
  "299": "after", 
  "300": "got", 
  "301": "perhaps", 
  "302": "its", 
  "303": "either", 
  "304": "requirement", 
  "305": "meets", 
  "306": "give", 
  "307": "check", 
  "308": "sound", 
  "309": "info", 
  "310": "results", 
  "311": "see", 
  "312": "hour", 
  "313": "choices", 
  "314": "entertainment", 
  "315": "bye", 
  "316": "[hospital_address]", 
  "317": "party", 
  "318": "completed", 
  "319": "id", 
  "320": "take", 
  "321": "then", 
  "322": "architecture", 
  "323": "park", 
  "324": "listed", 
  "325": "night", 
  "326": "[police_address]", 
  "327": "college", 
  "328": "kind", 
  "329": "unsuccessful", 
  "330": "services", 
  "331": "[hospital_phone]", 
  "332": "serving", 
  "333": "[hospital_postcode]", 
  "334": "every", 
  "335": "[attraction_reference]", 
  "336": "matches", 
  "337": "unable", 
  "338": "guest", 
  "339": "lovely", 
  "340": "seat", 
  "341": "might", 
  "342": "[police_phone]", 
  "343": "per", 
  "344": "house", 
  "345": "out", 
  "346": "[hospital_name]", 
  "347": "most", 
  "348": "before", 
  "349": "too", 
  "350": "shorter", 
  "351": "fits", 
  "352": "[police_postcode]", 
  "353": "telephone", 
  "354": "right", 
  "355": "preferred", 
  "356": "provide", 
  "357": "offers", 
  "358": "successfully", 
  "359": "site", 
  "360": "choice", 
  "361": "road", 
  "362": "rated", 
  "363": "wanting", 
  "364": "i'll", 
  "365": "looks", 
  "366": "questions", 
  "367": "cannot", 
  "368": "into", 
  "369": "costs", 
  "370": "actually", 
  "371": "excellent", 
  "372": "apologize", 
  "373": "change", 
  "374": "earliest", 
  "375": "interest", 
  "376": "back", 
  "377": "reach", 
  "378": "name", 
  "379": "postal", 
  "380": "picked", 
  "381": "care", 
  "382": "long", 
  "383": "none", 
  "384": "lot", 
  "385": "such", 
  "386": "seats", 
  "387": "best", 
  "388": "think", 
  "389": "suit", 
  "390": "than", 
  "391": "nothing", 
  "392": "closest", 
  "393": "same", 
  "394": "dine", 
  "395": "police", 
  "396": "eat", 
  "397": "option", 
  "398": "date", 
  "399": "additional"
}